lemma,poscode,surface
Adriana,3,Adriana
Agata,3,Agata
Agrippina,3,Agrippina
Afrodite,3,Afrodite
Agape,3,Agape
Abia,3,Abia
Abigail,3,Abigail
Aglaia,3,Aglaia
Addolorata,3,Addolorata
Agea,3,Agea
Agnese,3,Agnese
Adelma,3,Adelma
Anella,3,Anella
Alba,3,Alba
Aide,3,Aide
Abbondanza,3,Abbondanza
Aldemara,3,Aldemara
Adelia,3,Adelia
Adalberta,3,Adalberta
Alina,3,Alina
Alessandra,3,Alessandra
Aida,3,Aida
Allegra,3,Allegra
Alessia,3,Alessia
Achillea,3,Achillea
Alida,3,Alida
Alidea,3,Alidea
Adelaide,3,Adelaide
Albina,3,Albina
Alberta,3,Alberta
Adelina,3,Adelina
Amanda,3,Amanda
Amata,3,Amata
Adelfa,3,Adelfa
Alicia,3,Alicia
Abela,3,Abela
Agostina,3,Agostina
Amaranta,3,Amaranta
Ambra,3,Ambra
Alcina,3,Alcina
Alda,3,Alda
Ausilia,3,Ausilia
Acilia,3,Acilia
Amalia,3,Amalia
Amelia,3,Amelia
Adelasia,3,Adelasia
Azzurra,3,Azzurra
Achiropita,3,Achiropita
Adalia,3,Adalia
Anastasia,3,Anastasia
Andreina,3,Andreina
Adria,3,Adria
Angela,3,Angela
Adalgisa,3,Adalgisa
Alice,3,Alice
Angelica,3,Angelica
Alfonsina,3,Alfonsina
Alma,3,Alma
Altea,3,Altea
Anisia,3,Anisia
Ada,3,Ada
Adele,3,Adele
Anita,3,Anita
Anna,3,Anna
Annachiara,3,Annachiara
Annalaura,3,Annalaura
Annamaria,3,Annamaria
Annabella,3,Annabella
Antea,3,Antea
Annunziata,3,Annunziata
Anselma,3,Anselma
Antonella,3,Antonella
Antonietta,3,Antonietta
Antonia,3,Antonia
Apollonia,3,Apollonia
Apollonia,3,Apollonia
Arabella,3,Arabella
Ariela,3,Ariela
Aretusa,3,Aretusa
Artemia,3,Artemia
Argea,3,Argea
Artemisia,3,Artemisia
Asia,3,Asia
Arianna,3,Arianna
Assunta,3,Assunta
Aurea,3,Aurea
Aurelia,3,Aurelia
Aura,3,Aura
Aurora,3,Aurora
Augusta,3,Augusta
Maschili,3,Maschili
Aldo,3,Aldo
Adamo,3,Adamo
Aceste,3,Aceste
Antimo,3,Antimo
Agostino,3,Agostino
Alfeo,3,Alfeo
Acilio,3,Acilio
Alessio,3,Alessio
Abaco,3,Abaco
Agamennone,3,Agamennone
Albino,3,Albino
Alfiero,3,Alfiero
Adelasio,3,Adelasio
Alderico,3,Alderico
Abramo,3,Abramo
Alberico,3,Alberico
Alessandro,3,Alessandro
Adriano,3,Adriano
Abbondio,3,Abbondio
Alceo,3,Alceo
Amabile,3,Amabile
Adone,3,Adone
Alvaro,3,Alvaro
Amedeo,3,Amedeo
Alcide,3,Alcide
Aldemaro,3,Aldemaro
Abelardo,3,Abelardo
Abele,3,Abele
Alfio,3,Alfio
Ambrogio,3,Ambrogio
Alduino,3,Alduino
Amato,3,Amato
Aidano,3,Aidano
Adelmo,3,Adelmo
Amerigo,3,Amerigo
Acrisio,3,Acrisio
Augusto,3,Augusto
Anatolio,3,Anatolio
Ademaro,3,Ademaro
Altiero,3,Altiero
Aniceto,3,Aniceto
Alfonso,3,Alfonso
Achille,3,Achille
Amaranto,3,Amaranto
Annibale,3,Annibale
Agapito,3,Agapito
Antonio,3,Antonio
Alonzo,3,Alonzo
Amelio,3,Amelio
Amando,3,Amando
Atanasio,3,Atanasio
Agrippino,3,Agrippino
Angelo,3,Angelo
Antonello,3,Antonello
Adalbero,3,Adalbero
Ascanio,3,Ascanio
Apollo,3,Apollo
Alfredo,3,Alfredo
Antonino,3,Antonino
Albano,3,Albano
Adolfo,3,Adolfo
Anacleto,3,Anacleto
Apollonio,3,Apollonio
Amleto,3,Amleto
Antioco,3,Antioco
Amanzio,3,Amanzio
Aiace,3,Aiace
Arcangelo,3,Arcangelo
Adalgiso,3,Adalgiso
Alceste,3,Alceste
Ansano,3,Ansano
Adelfo,3,Adelfo
Adelmiro,3,Adelmiro
Arturo,3,Arturo
Anselmo,3,Anselmo
Adelio,3,Adelio
Arcibaldo,3,Arcibaldo
Aurelio,3,Aurelio
Alberto,3,Alberto
Ariele,3,Ariele
Aimone,3,Aimone
Andrea,3,Andrea
Anastasio,3,Anastasio
Amos,3,Amos
Alarico,3,Alarico
Ariosto,3,Ariosto
Aristide,3,Aristide
Anteo,3,Anteo
Arnoldo,3,Arnoldo
Barbara,3,Barbara
Berenice,3,Berenice
Bella,3,Bella
Batilda,3,Batilda
Benedetta,3,Benedetta
Basilia,3,Basilia
Bea,3,Bea
Biancamaria,3,Biancamaria
Bruna,3,Bruna
Beatrice,3,Beatrice
Brigida,3,Brigida
Barbarella,3,Barbarella
Bartolomea,3,Bartolomea
Brunilde,3,Brunilde
Bibiana,3,Bibiana
Benilde,3,Benilde
Benvenuta,3,Benvenuta
Betta,3,Betta
Belinda,3,Belinda
Briseide,3,Briseide
Belilde,3,Belilde
Bianca,3,Bianca
Berta,3,Berta
Bernarda,3,Bernarda
Belilde,3,Belilde
Maschili,3,Maschili
Bartolomeo,3,Bartolomeo
Battista,3,Battista
Basilio,3,Basilio
Basileo,3,Basileo
Benedetto,3,Benedetto
Baldovino,3,Baldovino
Bacco,3,Bacco
Bernardo,3,Bernardo
Bertoldo,3,Bertoldo
Bertrando,3,Bertrando
Biagio,3,Biagio
Bartolo,3,Bartolo
Barnaba,3,Barnaba
Boezio,3,Boezio
Bardo,3,Bardo
Berardo,3,Berardo
Bonaventura,3,Bonaventura
Benvenuto,3,Benvenuto
Baldo,3,Baldo
Bonifacio,3,Bonifacio
Boris,3,Boris
Beniamino,3,Beniamino
Brando,3,Brando
Bruno,3,Bruno
Bettino,3,Bettino
Benito,3,Benito
Camelia,3,Camelia
Chiara,3,Chiara
Carola,3,Carola
Calliope,3,Calliope
Clara,3,Clara
Candida,3,Candida
Cinzia,3,Cinzia
Clelia,3,Clelia
Carmela,3,Carmela
Calogera,3,Calogera
Celia,3,Celia
Carolina,3,Carolina
Cecilia,3,Cecilia
Columba,3,Columba
Carlotta,3,Carlotta
Camilla,3,Camilla
Cilinia,3,Cilinia
Cassandra,3,Cassandra
Carla,3,Carla
Cloe,3,Cloe
Cleope,3,Cleope
Celeste,3,Celeste
Claudia,3,Claudia
Cabiria,3,Cabiria
Carina,3,Carina
Clodia,3,Clodia
Concetta,3,Concetta
Carmen,3,Carmen
Cleo,3,Cleo
Celinia,3,Celinia
Cassia,3,Cassia
Clizia,3,Clizia
Catina,3,Catina
Catrina,3,Catrina
Catalina,3,Catalina
Catia,3,Catia
Clarissa,3,Clarissa
Clementina,3,Clementina
Cloride,3,Cloride
Caterina,3,Caterina
Cleopatra,3,Cleopatra
Cassiopea,3,Cassiopea
Cirenia,3,Cirenia
Clotilde,3,Clotilde
Cesira,3,Cesira
Clia,3,Clia
Consolata,3,Consolata
Cora,3,Cora
Clarice,3,Clarice
Coralla,3,Coralla
Cirilla,3,Cirilla
Cosima,3,Cosima
Costanza,3,Costanza
Crescenzia,3,Crescenzia
Cornelia,3,Cornelia
Cunegonda,3,Cunegonda
Cosma,3,Cosma
Cordelia,3,Cordelia
Corina,3,Corina
Corinna,3,Corinna
Cristiana,3,Cristiana
Cristal,3,Cristal
Cristina,3,Cristina
Criseide,3,Criseide
Maschili,3,Maschili
Carlo,3,Carlo
Cartesio,3,Cartesio
Calogero,3,Calogero
Camillo,3,Camillo
Casimiro,3,Casimiro
Calliopo,3,Calliopo
Caio,3,Caio
Cinzio,3,Cinzio
Colombo,3,Colombo
Celio,3,Celio
Cirillo,3,Cirillo
Contardo,3,Contardo
Caino,3,Caino
Cloridano,3,Cloridano
Carmine,3,Carmine
Cimone,3,Cimone
Clodomiro,3,Clodomiro
Candido,3,Candido
Callisto,3,Callisto
Clemente,3,Clemente
Cicerone,3,Cicerone
Cino,3,Cino
Corebo,3,Corebo
Cafiero,3,Cafiero
Carmelo,3,Carmelo
Cornelio,3,Cornelio
Canzio,3,Canzio
Clementino,3,Clementino
Claudio,3,Claudio
Cataldo,3,Cataldo
Calimero,3,Calimero
Corrado,3,Corrado
Cassio,3,Cassio
Cirano,3,Cirano
Cosimo,3,Cosimo
Catullo,3,Catullo
Catello,3,Catello
Costante,3,Costante
Cesarino,3,Cesarino
Cipriano,3,Cipriano
Costantino,3,Costantino
Cecilio,3,Cecilio
Carisio,3,Carisio
Costanzo,3,Costanzo
Crescente,3,Crescente
Clodolfo,3,Clodolfo
Cunialdo,3,Cunialdo
Celerino,3,Celerino
Celestino,3,Celestino
Curzio,3,Curzio
Christian,3,Christian
Cleone,3,Cleone
Cristoforo,3,Cristoforo
Celiano,3,Celiano
Celidonio,3,Celidonio
Cristiano,3,Cristiano
Cristian,3,Cristian
Cesidio,3,Cesidio
Cristaldo,3,Cristaldo
Celino,3,Celino
Celso,3,Celso
Crispino,3,Crispino
Crisante,3,Crisante
Ciro,3,Ciro
Crescenzio,3,Crescenzio
Cesare,3,Cesare
Daniela,3,Daniela
Daria,3,Daria
Dalia,3,Dalia
Dafne,3,Dafne
Deianira,3,Deianira
Delia,3,Delia
Danila,3,Danila
Delfina,3,Delfina
Dania,3,Dania
Dalila,3,Dalila
Demetria,3,Demetria
Damia,3,Damia
Damiana,3,Damiana
Demetra,3,Demetra
Danelia,3,Danelia
Desideria,3,Desideria
Daiana,3,Daiana
Domitilla,3,Domitilla
Diana,3,Diana
Diomira,3,Diomira
Debora,3,Debora
Desdemona,3,Desdemona
Dirce,3,Dirce
Dina,3,Dina
Diodora,3,Diodora
Denise,3,Denise
Diletta,3,Diletta
Dionira,3,Dionira
Domenica,3,Domenica
Domia,3,Domia
Donatella,3,Donatella
Dora,3,Dora
Dionigia,3,Dionigia
Denisia,3,Denisia
Dorelia,3,Dorelia
Doriana,3,Doriana
Donata,3,Donata
Dorina,3,Dorina
Diva,3,Diva
Drusilla,3,Drusilla
Doretta,3,Doretta
Dorotea,3,Dorotea
Maschili,3,Maschili
Damiano,3,Damiano
Demetrio,3,Demetrio
Dasio,3,Dasio
Dalmazio,3,Dalmazio
Desiderio,3,Desiderio
Danao,3,Danao
Dino,3,Dino
Daniele,3,Daniele
Dioclezio,3,Dioclezio
Dario,3,Dario
Dionigi,3,Dionigi
Donatello,3,Donatello
Damocle,3,Damocle
Donato,3,Donato
Desiderato,3,Desiderato
Diego,3,Diego
Donnione,3,Donnione
Danilo,3,Danilo
Danio,3,Danio
Dionisio,3,Dionisio
Domezio,3,Domezio
Diomede,3,Diomede
Domenico,3,Domenico
Decio,3,Decio
Daciano,3,Daciano
Doriano,3,Doriano
Didimo,3,Didimo
Delfino,3,Delfino
Doroteo,3,Doroteo
Davide,3,Davide
Diodoro,3,Diodoro
Druso,3,Druso
Dardano,3,Dardano
Decimo,3,Decimo
Duilio,3,Duilio
Demiro,3,Demiro
Domiziano,3,Domiziano
Durante,3,Durante
Diogene,3,Diogene
Didaco,3,Didaco
Dante,3,Dante
Elena,3,Elena
Eletta,3,Eletta
Eda,3,Eda
Edda,3,Edda
Elide,3,Elide
Egle,3,Egle
Edmea,3,Edmea
Elenia,3,Elenia
Egina,3,Egina
Edera,3,Edera
Elodia,3,Elodia
Editta,3,Editta
Elidia,3,Elidia
Elisabetta,3,Elisabetta
Eleonora,3,Eleonora
Edmonda,3,Edmonda
Elisa,3,Elisa
Elsa,3,Elsa
Egeria,3,Egeria
Emanuela,3,Emanuela
Elvira,3,Elvira
Elvezia,3,Elvezia
Emiliana,3,Emiliana
Enrica,3,Enrica
Ecate,3,Ecate
Emma,3,Emma
Eleuteria,3,Eleuteria
Elga,3,Elga
Erasma,3,Erasma
Enone,3,Enone
Eloisa,3,Eloisa
Emi,3,Emi
Eliana,3,Eliana
Elettra,3,Elettra
Enrichetta,3,Enrichetta
Ernella,3,Ernella
Elsia,3,Elsia
Erlinda,3,Erlinda
Edma,3,Edma
Edvige,3,Edvige
Ermelinda,3,Ermelinda
Erminia,3,Erminia
Emerenziana,3,Emerenziana
Emilia,3,Emilia
Ermione,3,Ermione
Erina,3,Erina
Ermenegilda,3,Ermenegilda
Eloisia,3,Eloisia
Erica,3,Erica
Erika,3,Erika
Ernestina,3,Ernestina
Erna,3,Erna
Ersilia,3,Ersilia
Ester,3,Ester
Estella,3,Estella
Evelina,3,Evelina
Eufemia,3,Eufemia
Eugenia,3,Eugenia
Eunice,3,Eunice
Eva,3,Eva
Eulalia,3,Eulalia
Eurosia,3,Eurosia
Eufrasia,3,Eufrasia
Maschili,3,Maschili
Edilberto,3,Edilberto
Elio,3,Elio
Egidio,3,Egidio
Eberardo,3,Eberardo
Eliseo,3,Eliseo
Egeo,3,Egeo
Edgardo,3,Edgardo
Eraclide,3,Eraclide
Eustachio,3,Eustachio
Enrico,3,Enrico
Eraclio,3,Eraclio
Efisio,3,Efisio
Edmondo,3,Edmondo
Erberto,3,Erberto
Edilio,3,Edilio
Ezio,3,Ezio
Ermanno,3,Ermanno
Efebo,3,Efebo
Emilio,3,Emilio
Ermelao,3,Ermelao
Elpidio,3,Elpidio
Edoardo,3,Edoardo
Ermenegildo,3,Ermenegildo
Elano,3,Elano
Eolo,3,Eolo
Erasmo,3,Erasmo
Emanuele,3,Emanuele
Eldrado,3,Eldrado
Ermes,3,Ermes
Eleuterio,3,Eleuterio
Elvino,3,Elvino
Ernesto,3,Ernesto
Eligio,3,Eligio
Edipo,3,Edipo
Eros,3,Eros
Esiodo,3,Esiodo
Emiliano,3,Emiliano
Ervino,3,Ervino
Elmo,3,Elmo
Enotrio,3,Enotrio
Ettore,3,Ettore
Ennio,3,Ennio
Egisto,3,Egisto
Euclide,3,Euclide
Enzo,3,Enzo
Elvio,3,Elvio
Epifanio,3,Epifanio
Edo,3,Edo
Emone,3,Emone
Eudoro,3,Eudoro
Emmerico,3,Emmerico
Eliano,3,Eliano
Eufemio,3,Eufemio
Eufrasio,3,Eufrasio
Evaristo,3,Evaristo
Eraldo,3,Eraldo
Emidio,3,Emidio
Everardo,3,Everardo
Ercolano,3,Ercolano
Espedito,3,Espedito
Eugenio,3,Eugenio
Ezechiele,3,Ezechiele
Eusebio,3,Eusebio
Fabiana,3,Fabiana
Febe,3,Febe
Faina,3,Faina
Fabiola,3,Fabiola
Fedra,3,Fedra
Fabrizia,3,Fabrizia
Federica,3,Federica
Feliciana,3,Feliciana
Filippa,3,Filippa
Fabia,3,Fabia
Fenisia,3,Fenisia
Fatima,3,Fatima
Felicia,3,Felicia
Fidalma,3,Fidalma
Fara,3,Fara
Faustina,3,Faustina
Ferdinanda,3,Ferdinanda
Fiamma,3,Fiamma
Fausta,3,Fausta
Fiammetta,3,Fiammetta
Filomena,3,Filomena
Fevronia,3,Fevronia
Flaviana,3,Flaviana
Fenia,3,Fenia
Felicita,3,Felicita
Fenizia,3,Fenizia
Fernanda,3,Fernanda
Fiorella,3,Fiorella
Flavia,3,Flavia
Flaminia,3,Flaminia
Florenzia,3,Florenzia
Floria,3,Floria
Fiore,3,Fiore
Floriana,3,Floriana
Fosca,3,Fosca
Franca,3,Franca
Fiorina,3,Fiorina
Frediana,3,Frediana
Francesca,3,Francesca
Fioralba,3,Fioralba
Fiorisa,3,Fiorisa
Fiorenza,3,Fiorenza
Flora,3,Flora
Fortunia,3,Fortunia
Fulvia,3,Fulvia
Frida,3,Frida
Frine,3,Frine
Maschili,3,Maschili
Fabio,3,Fabio
Federico,3,Federico
Fazio,3,Fazio
Faustino,3,Faustino
Fiero,3,Fiero
Fabrizio,3,Fabrizio
Fedro,3,Fedro
Filiberto,3,Filiberto
Fiorello,3,Fiorello
Fabiano,3,Fabiano
Febo,3,Febo
Flaminio,3,Flaminio
Fausto,3,Fausto
Fineo,3,Fineo
Filotero,3,Filotero
Filippo,3,Filippo
Floriano,3,Floriano
Famiano,3,Famiano
Faone,3,Faone
Firmino,3,Firmino
Florio,3,Florio
Filomeno,3,Filomeno
Friso,3,Friso
Fedele,3,Fedele
Felice,3,Felice
Fiorenzo,3,Fiorenzo
Frumenzio,3,Frumenzio
Filoteo,3,Filoteo
Fulberto,3,Fulberto
Feliciano,3,Feliciano
Faliero,3,Faliero
Fulvio,3,Fulvio
Furio,3,Furio
Fidenzio,3,Fidenzio
Frediano,3,Frediano
Franco,3,Franco
Flavio,3,Flavio
Francesco,3,Francesco
Ferruccio,3,Ferruccio
Ferrante,3,Ferrante
Fortunato,3,Fortunato
Fosco,3,Fosco
Folco,3,Folco
Frido,3,Frido
Fernando,3,Fernando
Ferdinando,3,Ferdinando
Floriberto,3,Floriberto
Filemone,3,Filemone
Gaia,3,Gaia
Genesia,3,Genesia
Gertrude,3,Gertrude
Gaetana,3,Gaetana
Genoveffa,3,Genoveffa
Germana,3,Germana
Geltrude,3,Geltrude
Giacinta,3,Giacinta
Gianna,3,Gianna
Gelsina,3,Gelsina
Gioconda,3,Gioconda
Gelsa,3,Gelsa
Giralda,3,Giralda
Giovanna,3,Giovanna
Giannica,3,Giannica
Gaudenzia,3,Gaudenzia
Giana,3,Giana
Giselda,3,Giselda
Gigliola,3,Gigliola
Gisella,3,Gisella
Giada,3,Giada
Gelsomina,3,Gelsomina
Giliana,3,Giliana
Gia,3,Gia
Gemma,3,Gemma
Gioia,3,Gioia
Gabriella,3,Gabriella
Gilda,3,Gilda
Gigia,3,Gigia
Giaele,3,Giaele
Gardenia,3,Gardenia
Gina,3,Gina
Giorgiana,3,Giorgiana
Giorgia,3,Giorgia
Giordana,3,Giordana
Ginevra,3,Ginevra
Giulia,3,Giulia
Giustina,3,Giustina
Giuditta,3,Giuditta
Giuliana,3,Giuliana
Gloria,3,Gloria
Graziana,3,Graziana
Giulietta,3,Giulietta
Grazia,3,Grazia
Graziella,3,Graziella
Giuseppa,3,Giuseppa
Grimilde,3,Grimilde
Griselda,3,Griselda
Giuseppina,3,Giuseppina
Guendalina,3,Guendalina
Gloriana,3,Gloriana
Guenda,3,Guenda
Gelma,3,Gelma
Maschili,3,Maschili
Gaetano,3,Gaetano
Galvano,3,Galvano
Gabriele,3,Gabriele
Gaudo,3,Gaudo
Gerone,3,Gerone
Gennaro,3,Gennaro
Giacinto,3,Giacinto
Gaudenzio,3,Gaudenzio
Giacobbe,3,Giacobbe
Gherardo,3,Gherardo
Giacomo,3,Giacomo
Gabino,3,Gabino
Gaspare,3,Gaspare
Giasone,3,Giasone
Giorgio,3,Giorgio
Genesio,3,Genesio
Gioberto,3,Gioberto
Geminiano,3,Geminiano
Graziano,3,Graziano
Gerardo,3,Gerardo
Galdino,3,Galdino
Gaio,3,Gaio
Gregorio,3,Gregorio
Guglielmo,3,Guglielmo
Geraldo,3,Geraldo
Gandolfo,3,Gandolfo
Gioele,3,Gioele
Gildo,3,Gildo
Giona,3,Giona
Guido,3,Guido
Gavino,3,Gavino
Gilberto,3,Gilberto
Gelindo,3,Gelindo
Germano,3,Germano
Giordano,3,Giordano
Giraldo,3,Giraldo
Galileo,3,Galileo
Gino,3,Gino
Giosuè,3,Giosuè
Gioacchino,3,Gioacchino
Giovanni,3,Giovanni
Gervasio,3,Gervasio
Giustino,3,Giustino
Gianni,3,Gianni
Gustavo,3,Gustavo
Gesualdo,3,Gesualdo
Giulio,3,Giulio
Goffredo,3,Goffredo
Giobbe,3,Giobbe
Giuliano,3,Giuliano
Geremia,3,Geremia
Gastone,3,Gastone
Giuseppe,3,Giuseppe
Girolamo,3,Girolamo
Idalia,3,Idalia
Ilaria,3,Ilaria
Igina,3,Igina
Igea,3,Igea
Imelda,3,Imelda
Idalba,3,Idalba
Ilde,3,Ilde
Ida,3,Ida
Ilda,3,Ilda
Imma,3,Imma
Immacolata,3,Immacolata
Iole,3,Iole
Idelma,3,Idelma
Iginia,3,Iginia
Iride,3,Iride
Ilenia,3,Ilenia
Iolanda,3,Iolanda
Iris,3,Iris
Illuminata,3,Illuminata
Ippolita,3,Ippolita
Iside,3,Iside
Ione,3,Ione
Ires,3,Ires
Irene,3,Irene
Isella,3,Isella
Isanna,3,Isanna
Isabella,3,Isabella
Irma,3,Irma
Isa,3,Isa
Ismene,3,Ismene
Isetta,3,Isetta
Itria,3,Itria
Itala,3,Itala
Isotta,3,Isotta
Ivana,3,Ivana
Iva,3,Iva
Maschili,3,Maschili
Ignazio,3,Ignazio
Ireneo,3,Ireneo
Idreno,3,Idreno
Icilio,3,Icilio
Isocrate,3,Isocrate
Inaco,3,Inaco
Ilario,3,Ilario
Italo,3,Italo
Israele,3,Israele
Isauro,3,Isauro
Icaro,3,Icaro
Imero,3,Imero
Ipazio,3,Ipazio
Ildefonso,3,Ildefonso
Isidoro,3,Isidoro
Ivonio,3,Ivonio
Ivardo,3,Ivardo
Isaia,3,Isaia
Imerio,3,Imerio
Iginio,3,Iginio
Igino,3,Igino
Ildo,3,Ildo
Idalio,3,Idalio
Idalo,3,Idalo
Innocenzo,3,Innocenzo
Indro,3,Indro
Ificrate,3,Ificrate
Ivaldo,3,Ivaldo
Ivo,3,Ivo
Ildebrando,3,Ildebrando
Ismaele,3,Ismaele
Isacco,3,Isacco
Ilaro,3,Ilaro
Ippolito,3,Ippolito
Icio,3,Icio
Larissa,3,Larissa
Laura,3,Laura
Loredana,3,Loredana
Laurana,3,Laurana
Loretta,3,Loretta
Laodamia,3,Laodamia
Lorella,3,Lorella
Leocrizia,3,Leocrizia
Lavinia,3,Lavinia
Lalla,3,Lalla
Lara,3,Lara
Liboria,3,Liboria
Letizia,3,Letizia
Licia,3,Licia
Laodice,3,Laodice
Lora,3,Lora
Lea,3,Lea
Lia,3,Lia
Laila,3,Laila
Leila,3,Leila
Lelia,3,Lelia
Leonilde,3,Leonilde
Lidania,3,Lidania
Leonzia,3,Leonzia
Lice,3,Lice
Lilia,3,Lilia
Lili,3,Lili
Liana,3,Liana
Linda,3,Linda
Liviana,3,Liviana
Lidia,3,Lidia
Lidiana,3,Lidiana
Luciana,3,Luciana
Leandra,3,Leandra
Licena,3,Licena
Liliana,3,Liliana
Larisa,3,Larisa
Lucia,3,Lucia
Luce,3,Luce
Lorenza,3,Lorenza
Lucilla,3,Lucilla
Lucrezia,3,Lucrezia
Lola,3,Lola
Laurenza,3,Laurenza
Ludovica,3,Ludovica
Lorena,3,Lorena
Luisa,3,Luisa
Livia,3,Livia
Lina,3,Lina
Luana,3,Luana
Lorediana,3,Lorediana
Luigia,3,Luigia
Luisella,3,Luisella
Luisana,3,Luisana
Maschili,3,Maschili
Lamberto,3,Lamberto
Lelio,3,Lelio
Letterio,3,Letterio
Leone,3,Leone
Leucio,3,Leucio
Lavinio,3,Lavinio
Landolfo,3,Landolfo
Liberio,3,Liberio
Lauro,3,Lauro
Lidio,3,Lidio
Lotario,3,Lotario
Lieto,3,Lieto
Leonardo,3,Leonardo
Licinio,3,Licinio
Leandro,3,Leandro
Lino,3,Lino
Luca,3,Luca
Lisandro,3,Lisandro
Lallo,3,Lallo
Leopoldo,3,Leopoldo
Lindoro,3,Lindoro
Lorenzo,3,Lorenzo
Loris,3,Loris
Laerte,3,Laerte
Lauriano,3,Lauriano
Ludano,3,Ludano
Ludovico,3,Ludovico
Lucio,3,Lucio
Licerio,3,Licerio
Leo,3,Leo
Ladislao,3,Ladislao
Luigi,3,Luigi
Linceo,3,Linceo
Lullo,3,Lullo
Luperio,3,Luperio
Luciano,3,Luciano
Lazzaro,3,Lazzaro
Libero,3,Libero
Leonzio,3,Leonzio
Livio,3,Livio
Liborio,3,Liborio
Lucrezio,3,Lucrezio
Lucilio,3,Lucilio
Lionello,3,Lionello
Luciolo,3,Luciolo
Lucidio,3,Lucidio
Leonida,3,Leonida
Luperco,3,Luperco
Longino,3,Longino
Lussorio,3,Lussorio
Lupo,3,Lupo
Liberto,3,Liberto
Magda,3,Magda
Maia,3,Maia
Margherita,3,Margherita
Maddalena,3,Maddalena
Mara,3,Mara
Macrina,3,Macrina
Madda,3,Madda
Maria,3,Maria
Mafalda,3,Mafalda
Malvina,3,Malvina
Melissa,3,Melissa
Maida,3,Maida
Marcella,3,Marcella
Marfisia,3,Marfisia
Mimi,3,Mimi
Marilia,3,Marilia
Maurizia,3,Maurizia
Medea,3,Medea
Mercuria,3,Mercuria
Michela,3,Michela
Micaela,3,Micaela
Micol,3,Micol
Milena,3,Milena
Mila,3,Mila
Marciana,3,Marciana
Macaria,3,Macaria
Melania,3,Melania
Milica,3,Milica
Milka,3,Milka
Merina,3,Merina
Maurilia,3,Maurilia
Milva,3,Milva
Minerva,3,Minerva
Martina,3,Martina
Marzia,3,Marzia
Matilde,3,Matilde
Marika,3,Marika
Marina,3,Marina
Marinella,3,Marinella
Marilena,3,Marilena
Marisa,3,Marisa
Marta,3,Marta
Moira,3,Moira
Marica,3,Marica
Maura,3,Maura
Mia,3,Mia
Mariuccia,3,Mariuccia
Malia,3,Malia
Marianna,3,Marianna
Miriam,3,Miriam
Mariangela,3,Mariangela
Mirella,3,Mirella
Miriana,3,Miriana
Miranda,3,Miranda
Mira,3,Mira
Miria,3,Miria
Moana,3,Moana
Monica,3,Monica
Morgana,3,Morgana
Malco,3,Malco
Maffeo,3,Maffeo
Mansueto,3,Mansueto
Manfredo,3,Manfredo
Marco,3,Marco
Marsilio,3,Marsilio
Martino,3,Martino
Manlio,3,Manlio
Macrino,3,Macrino
Massimo,3,Massimo
Marino,3,Marino
Matteo,3,Matteo
Marciano,3,Marciano
Mattia,3,Mattia
Maurizio,3,Maurizio
Marzio,3,Marzio
Maurilio,3,Maurilio
Mariano,3,Mariano
Macrobio,3,Macrobio
Mauro,3,Mauro
Melaneo,3,Melaneo
Mario,3,Mario
Massimiliano,3,Massimiliano
Mederico,3,Mederico
Melchiorre,3,Melchiorre
Meneo,3,Meneo
Menandro,3,Menandro
Michele,3,Michele
Michelangelo,3,Michelangelo
Metodio,3,Metodio
Melezio,3,Melezio
Misaele,3,Misaele
Mirtilo,3,Mirtilo
Mardonio,3,Mardonio
Montano,3,Montano
Modesto,3,Modesto
Mirco,3,Mirco
Mirko,3,Mirko
Morando,3,Morando
Mercurio,3,Mercurio
Milvio,3,Milvio
Moreno,3,Moreno
Milo,3,Milo
Muzio,3,Muzio
Macario,3,Macario
Mitridate,3,Mitridate
Mirone,3,Mirone
Migdonio,3,Migdonio
Milziade,3,Milziade
Milone,3,Milone
Mida,3,Mida
Minervino,3,Minervino
Muziano,3,Muziano
Merino,3,Merino
Mosè,3,Mosè
Monaldo,3,Monaldo
Menelao,3,Menelao
Marcello,3,Marcello
Nadia,3,Nadia
Narcisia,3,Narcisia
Natascia,3,Natascia
Natalia,3,Natalia
Nerina,3,Nerina
Nedda,3,Nedda
Nausica,3,Nausica
Nicoletta,3,Nicoletta
Nicole,3,Nicole
Neera,3,Neera
Nefertiti,3,Nefertiti
Nina,3,Nina
Neomisia,3,Neomisia
Nicla,3,Nicla
Ninì,3,Ninì
Nicezia,3,Nicezia
Nilvia,3,Nilvia
Ninfa,3,Ninfa
Nadina,3,Nadina
Nica,3,Nica
Norzia,3,Norzia
Nilva,3,Nilva
Nives,3,Nives
Noemi,3,Noemi
Ninetta,3,Ninetta
Norma,3,Norma
Novella,3,Novella
Niobe,3,Niobe
Nazzaro,3,Nazzaro
Narciso,3,Narciso
Nemesio,3,Nemesio
Napoleone,3,Napoleone
Nerio,3,Nerio
Nicasio,3,Nicasio
Narseo,3,Narseo
Nicezio,3,Nicezio
Nestore,3,Nestore
Nereo,3,Nereo
Nilo,3,Nilo
Nicodemo,3,Nicodemo
Nevio,3,Nevio
Nicomede,3,Nicomede
Niniano,3,Niniano
Nico,3,Nico
Nicola,3,Nicola
Noè,3,Noè
Ofelia,3,Ofelia
Odilia,3,Odilia
Ottavia,3,Ottavia
Olga,3,Olga
Onoria,3,Onoria
Onfale,3,Onfale
Olivia,3,Olivia
Ondina,3,Ondina
Onorata,3,Onorata
Odetta,3,Odetta
Otilia,3,Otilia
Oriella,3,Oriella
Olimpia,3,Olimpia
Orietta,3,Orietta
Orsina,3,Orsina
Onorina,3,Onorina
Oride,3,Oride
Ornella,3,Ornella
Oria,3,Oria
Ornelia,3,Ornelia
Orsola,3,Orsola
Oriade,3,Oriade
Oriana,3,Oriana
Ortenzia,3,Ortenzia
Osanna,3,Osanna
Oddo,3,Oddo
Odino,3,Odino
Orio,3,Orio
Oberto,3,Oberto
Olindo,3,Olindo
Omar,3,Omar
Oderico,3,Oderico
Onofrio,3,Onofrio
Orfeo,3,Orfeo
Oliviero,3,Oliviero
Onorato,3,Onorato
Orlando,3,Orlando
Omero,3,Omero
Ortensio,3,Ortensio
Oscar,3,Oscar
Orazio,3,Orazio
Ostiano,3,Ostiano
Ovidio,3,Ovidio
Oronzo,3,Oronzo
Ottavio,3,Ottavio
Oreste,3,Oreste
Osmondo,3,Osmondo
Otello,3,Otello
Ottaviano,3,Ottaviano
Osvaldo,3,Osvaldo
Paola,3,Paola
Patrizia,3,Patrizia
Pandora,3,Pandora
Perla,3,Perla
Petronilla,3,Petronilla
Pelagia,3,Pelagia
Palmira,3,Palmira
Piera,3,Piera
Preziosa,3,Preziosa
Penelope,3,Penelope
Placida,3,Placida
Priscilla,3,Priscilla
Pompea,3,Pompea
Prospera,3,Prospera
Pia,3,Pia
Porzia,3,Porzia
Palazia,3,Palazia
Porsia,3,Porsia
Pulcheria,3,Pulcheria
Pamelia,3,Pamelia
Prisca,3,Prisca
Pamela,3,Pamela
Perpetua,3,Perpetua
Polissena,3,Polissena
Pasqua,3,Pasqua
Palladia,3,Palladia
Panacea,3,Panacea
Pasquale,3,Pasquale
Patrizio,3,Patrizio
Palmiro,3,Palmiro
Pacomio,3,Pacomio
Pelagio,3,Pelagio
Paolo,3,Paolo
Palamede,3,Palamede
Peleo,3,Peleo
Pietro,3,Pietro
Piero,3,Piero
Pompeo,3,Pompeo
Pancrazio,3,Pancrazio
Placido,3,Placido
Petronio,3,Petronio
Perseo,3,Perseo
Plinio,3,Plinio
Publio,3,Publio
Prezioso,3,Prezioso
Pio,3,Pio
Porfirio,3,Porfirio
Ponzio,3,Ponzio
Pierluigi,3,Pierluigi
Piergiorgio,3,Piergiorgio
Pierangelo,3,Pierangelo
Paride,3,Paride
Piersilvio,3,Piersilvio
Pandolfo,3,Pandolfo
Ramona,3,Ramona
Rebecca,3,Rebecca
Rachele,3,Rachele
Rebina,3,Rebina
Romina,3,Romina
Raffaella,3,Raffaella
Rosa,3,Rosa
Ruth,3,Ruth
Raimonda,3,Raimonda
Rodope,3,Rodope
Rosaria,3,Rosaria
Rosamunda,3,Rosamunda
Rosalia,3,Rosalia
Rubina,3,Rubina
Rufina,3,Rufina
Renata,3,Renata
Romilda,3,Romilda
Riccarda,3,Riccarda
Romola,3,Romola
Regina,3,Regina
Rutilia,3,Rutilia
Rossella,3,Rossella
Rossana,3,Rossana
Roberta,3,Roberta
Rosalia,3,Rosalia
Redenta,3,Redenta
Rosalinda,3,Rosalinda
Rosalba,3,Rosalba
Raimondo,3,Raimondo
Riccardo,3,Riccardo
Raffaele,3,Raffaele
Raniero,3,Raniero
Rigoberto,3,Rigoberto
Raffaello,3,Raffaello
Rinaldo,3,Rinaldo
Roberto,3,Roberto
Remiro,3,Remiro
Remigio,3,Remigio
Rocco,3,Rocco
Rodrigo,3,Rodrigo
Remo,3,Remo
Romeo,3,Romeo
Romualdo,3,Romualdo
Rodolfo,3,Rodolfo
Romolo,3,Romolo
Rosario,3,Rosario
Randolfo,3,Randolfo
Raul,3,Raul
Rubiano,3,Rubiano
Rolando,3,Rolando
Renato,3,Renato
Ruggero,3,Ruggero
Romano,3,Romano
Rosalino,3,Rosalino
Roderico,3,Roderico
Redenzio,3,Redenzio
Sabina,3,Sabina
Savina,3,Savina
Sabrina,3,Sabrina
Salvatrice,3,Salvatrice
Salvadora,3,Salvadora
Samantha,3,Samantha
Samuela,3,Samuela
Santina,3,Santina
Sara,3,Sara
Saturna,3,Saturna
Saturnia,3,Saturnia
Saveria,3,Saveria
Scilla,3,Scilla
Scolastica,3,Scolastica
Sebastiana,3,Sebastiana
Selene,3,Selene
Selena,3,Selena
Selenia,3,Selenia
Selma,3,Selma
Selvaggia,3,Selvaggia
Semira,3,Semira
Serafina,3,Serafina
Serena,3,Serena
Serenilla,3,Serenilla
Severa,3,Severa
Severina,3,Severina
Sibilla,3,Sibilla
Simonea,3,Simonea
Silia,3,Silia
Simonetta,3,Simonetta
Sira,3,Sira
Simea,3,Simea
Simona,3,Simona
Silva,3,Silva
Selvina,3,Selvina
Sidonia,3,Sidonia
Silvia,3,Silvia
Selva,3,Selva
Silvana,3,Silvana
Sirena,3,Sirena
Siria,3,Siria
Sira,3,Sira
Smeralda,3,Smeralda
Sobilia,3,Sobilia
Sofia,3,Sofia
Sonia,3,Sonia
Sofronia,3,Sofronia
Sole,3,Sole
Solidea,3,Solidea
Speranza,3,Speranza
Stefania,3,Stefania
Stenia,3,Stenia
Stena,3,Stena
Stella,3,Stella
Susanna,3,Susanna
Sveva,3,Sveva
Sueva,3,Sueva
Salvino,3,Salvino
Salesio,3,Salesio
Salmoneo,3,Salmoneo
Samuele,3,Samuele
Sabatino,3,Sabatino
Savio,3,Savio
Sansone,3,Sansone
Saturnino,3,Saturnino
Saul,3,Saul
Sabino,3,Sabino
Savino,3,Savino
Saverio,3,Saverio
Salomone,3,Salomone
Salvatore,3,Salvatore
Salvo,3,Salvo
Salverio,3,Salverio
Sario,3,Sario
Sauro,3,Sauro
Sebastiano,3,Sebastiano
Simmaco,3,Simmaco
Senesio,3,Senesio
Serse,3,Serse
Sisto,3,Sisto
Simone,3,Simone
Santo,3,Santo
Santino,3,Santino
Simeone,3,Simeone
Sico,3,Sico
Silvio,3,Silvio
Simplicio,3,Simplicio
Selesio,3,Selesio
Sinisio,3,Sinisio
Siro,3,Siro
Sempronio,3,Sempronio
Serafino,3,Serafino
Sisto,3,Sisto
Sereno,3,Sereno
Socrate,3,Socrate
Sotero,3,Sotero
Sidone,3,Sidone
Silvestro,3,Silvestro
Stanislao,3,Stanislao
Scipione,3,Scipione
Severino,3,Severino
Stefano,3,Stefano
Sigfrido,3,Sigfrido
Silvano,3,Silvano
Sergio,3,Sergio
Sileno,3,Sileno
Silio,3,Silio
Sem,3,Sem
Sabele,3,Sabele
Sagare,3,Sagare
Sallustio,3,Sallustio
Salvio,3,Salvio
Tabata,3,Tabata
Tecla,3,Tecla
Teodolinda,3,Teodolinda
Teresa,3,Teresa
Tessa,3,Tessa
Teodora,3,Teodora
Tea,3,Tea
Tiana,3,Tiana
Taide,3,Taide
Tatiana,3,Tatiana
Tamara,3,Tamara
Tania,3,Tania
Tilde,3,Tilde
Tina,3,Tina
Titina,3,Titina
Tosca,3,Tosca
Tarsilia,3,Tarsilia
Tita,3,Tita
Tazia,3,Tazia
Tiberia,3,Tiberia
Tiziana,3,Tiziana
Tolomea,3,Tolomea
Tristana,3,Tristana
Tullia,3,Tullia
Trofimena,3,Trofimena
Trifena,3,Trifena
Tomaide,3,Tomaide
Titania,3,Titania
Tisbe,3,Tisbe
Teti,3,Teti
Terenzia,3,Terenzia
Teonilla,3,Teonilla
Tedosia,3,Tedosia
Temi,3,Temi
Telica,3,Telica
Taurina,3,Taurina
Tabita,3,Tabita
Tisha,3,Tisha
Teo,3,Teo
Teodolindo,3,Teodolindo
Teodoro,3,Teodoro
Teresio,3,Teresio
Tarsilio,3,Tarsilio
Tazio,3,Tazio
Tarcisio,3,Tarcisio
Tanino,3,Tanino
Tano,3,Tano
Tancredi,3,Tancredi
Taddeo,3,Taddeo
Tosco,3,Tosco
Telesforo,3,Telesforo
Teobaldo,3,Teobaldo
Tibaldo,3,Tibaldo
Terenzio,3,Terenzio
Teseo,3,Teseo
Tiberio,3,Tiberio
Timoteo,3,Timoteo
Tito,3,Tito
Tiziano,3,Tiziano
Tobia,3,Tobia
Tommaso,3,Tommaso
Tristano,3,Tristano
Tuccio,3,Tuccio
Tulio,3,Tulio
Trifone,3,Trifone
Torquato,3,Torquato
Tindario,3,Tindario
Terzio,3,Terzio
Teodosio,3,Teodosio
Teoberto,3,Teoberto
Teocrito,3,Teocrito
Tassilo,3,Tassilo
Tarasio,3,Tarasio
Talo,3,Talo
Tacco,3,Tacco
Nicolò,3,Nicolò
Niccolò,3,Niccolò
Natale,3,Natale
Novilio,3,Novilio
Novato,3,Novato
Norberto,3,Norberto
Niceto,3,Niceto
Nazario,3,Nazario
Nicomaco,3,Nicomaco
Niso,3,Niso
Ubalda,3,Ubalda
Urania,3,Urania
Unna,3,Unna
Ulrica,3,Ulrica
Umberta,3,Umberta
Ubalda,3,Ubalda
Ulfa,3,Ulfa
Ugolina,3,Ugolina
Ursula,3,Ursula
Uta,3,Uta
Ubaldo,3,Ubaldo
Uberto,3,Uberto
Umbro,3,Umbro
Umberto,3,Umberto
Ulisse,3,Ulisse
Ulrico,3,Ulrico
Ulderico,3,Ulderico
Ugo,3,Ugo
Ursicio,3,Ursicio
Uriele,3,Uriele
Viola,3,Viola
Violetta,3,Violetta
Valentina,3,Valentina
Valenzia,3,Valenzia
Vanessa,3,Vanessa
Veronica,3,Veronica
Virginia,3,Virginia
Vittoria,3,Vittoria
Vittorina,3,Vittorina
Vittoriana,3,Vittoriana
Vanda,3,Vanda
Vincenza,3,Vincenza
Vera,3,Vera
Verdiana,3,Verdiana
Veridiana,3,Veridiana
Verena,3,Verena
Vetulia,3,Vetulia
Viviana,3,Viviana
Virna,3,Virna
Violante,3,Violante
Vienna,3,Vienna
Valchiria,3,Valchiria
Valeriana,3,Valeriana
Valeria,3,Valeria
Vania,3,Vania
Vanna,3,Vanna
Velia,3,Velia
Venera,3,Venera
Veneranda,3,Veneranda
Verbena,3,Verbena
Verilla,3,Verilla
Vesna,3,Vesna
Velma,3,Velma
Vlasta,3,Vlasta
Valdetruda,3,Valdetruda
Venanzio,3,Venanzio
Venazio,3,Venazio
Valdemaro,3,Valdemaro
Valdimaro,3,Valdimaro
Valente,3,Valente
Valentino,3,Valentino
Valeriano,3,Valeriano
Valerio,3,Valerio
Venceslao,3,Venceslao
Vilfrido,3,Vilfrido
Virgilio,3,Virgilio
Vitale,3,Vitale
Vitalio,3,Vitalio
Vincenzo,3,Vincenzo
Vittorio,3,Vittorio
Vittorino,3,Vittorino
Volfango,3,Volfango
Volfrano,3,Volfrano
Vladimiro,3,Vladimiro
Viviano,3,Viviano
Valdo,3,Valdo
Vanni,3,Vanni
Vanio,3,Vanio
Varo,3,Varo
Vasco,3,Vasco
Venturino,3,Venturino
Vezio,3,Vezio
Vespasiano,3,Vespasiano
Vinicio,3,Vinicio
Virginio,3,Virginio
Vito,3,Vito
Voltero,3,Voltero
Vedasto,3,Vedasto
Velio,3,Velio
Vidone,3,Vidone
Vilfredo,3,Vilfredo
Zebina,3,Zebina
Zaffira,3,Zaffira
Zafira,3,Zafira
Zenaide,3,Zenaide
Zaira,3,Zaira
Zama,3,Zama
Zanobia,3,Zanobia
Zemira,3,Zemira
Zanita,3,Zanita
Zara,3,Zara
Zoraida,3,Zoraida
Zelinda,3,Zelinda
Zelmira,3,Zelmira
Zerlina,3,Zerlina
Zina,3,Zina
Zita,3,Zita
Zoe,3,Zoe
Zula,3,Zula
Zoie,3,Zoie
Zahia,3,Zahia
Zoya,3,Zoya
Zaccaria,3,Zaccaria
Zaccheo,3,Zaccheo
Zebedeo,3,Zebedeo
Zafferino,3,Zafferino
Zefirino,3,Zefirino
Zelfirino,3,Zelfirino
Zefiro,3,Zefiro
Zeffiro,3,Zeffiro
Zelindo,3,Zelindo
Zeno,3,Zeno
Zanobio,3,Zanobio
Zenio,3,Zenio
Zenone,3,Zenone
Zerbino,3,Zerbino
Zetico,3,Zetico
Zoilo,3,Zoilo
Zito,3,Zito
Zlatan,3,Zlatan
Zoran,3,Zoran
Zac,3,Zac
Zabel,3,Zabel